"0","# 查找Rtools的安装路径"
"0","rtools_path <- Sys.getenv(""RTOOLS40_HOME"")"
"0",""
"0","if (nzchar(rtools_path)) {"
"0","  # 读取VERSION文件并打印版本信息"
"0","  version_file <- file.path(rtools_path, ""VERSION"")"
"0","  if (file.exists(version_file)) {"
"0","    version <- readLines(version_file)"
"0","    print(version)"
"0","  } else {"
"0","    cat(""Rtools VERSION file not found."")"
"0","  }"
"0","} else {"
"0","  cat(""Rtools installation path not found."")"
"0","}"
"1","Rtools installation path not found."
