"1"," Index List of Parameters to be Optimized:
"
"1","    mu "
"1","   ar1 "
"1","   ar2 "
"1","   ma1 "
"1","   ma2 "
"1","   ma3 "
"1"," omega "
"1","alpha1 "
"1"," beta1 "
"1"," shape "
"1","
"
"1","     1 "
"1","     2 "
"1","     3 "
"1","     4 "
"1","     5 "
"1","     6 "
"1","     7 "
"1","     8 "
"1","    10 "
"1","    13 "
"1","
"
"1"," Persistence:                 "
"1"," "
"1","0.9"
"1"," "
"1","
"
"1","

--- START OF TRACE ---"
"1","
Selected Algorithm:"
"1"," "
"1","nlminb"
"1"," "
"1","
"
"1","
R coded nlminb Solver: 

"
"1","  0:     726.33976:"
"1"," -0.00593837"
"1"," 0.292199"
"1"," -0.922564"
"1"," -0.264454"
"1"," 0.889119"
"1"," 0.129772"
"1"," 0.100000"
"1"," 0.100000"
"1"," 0.800000"
"1","  4.00000"
"1","
"
"1","  1:     644.71766:"
"1"," -0.00593829"
"1"," 0.320351"
"1"," -0.908917"
"1"," -0.237280"
"1"," 0.828140"
"1"," 0.0756016"
"1"," 0.0343865"
"1"," 0.106061"
"1"," 0.769784"
"1","  3.99884"
"1","
"
"1","  2:     619.14134:"
"1"," -0.00593763"
"1"," 0.302177"
"1"," -0.867348"
"1"," -0.255739"
"1"," 0.840710"
"1"," 0.0870291"
"1"," 1.00000e-06"
"1"," 0.190744"
"1"," 0.809576"
"1","  3.99935"
"1","
"
"1","  3:     616.94137:"
"1"," -0.00593762"
"1"," 0.302499"
"1"," -0.866968"
"1"," -0.255554"
"1"," 0.840307"
"1"," 0.0864807"
"1"," 0.0204696"
"1"," 0.191784"
"1"," 0.811103"
"1","  3.99936"
"1","
"
"1","  4:     612.52606:"
"1"," -0.00593756"
"1"," 0.304360"
"1"," -0.867854"
"1"," -0.254642"
"1"," 0.839265"
"1"," 0.0847273"
"1"," 0.0178370"
"1"," 0.184591"
"1"," 0.804952"
"1","  3.99917"
"1","
"
"1","  5:     607.81185:"
"1"," -0.00593754"
"1"," 0.304712"
"1"," -0.867221"
"1"," -0.254487"
"1"," 0.838598"
"1"," 0.0839970"
"1"," 0.0115349"
"1"," 0.184490"
"1"," 0.804117"
"1","  3.99913"
"1","
"
"1","  6:     607.44500:"
"1"," -0.00593749"
"1"," 0.305420"
"1"," -0.865899"
"1"," -0.254192"
"1"," 0.837344"
"1"," 0.0825399"
"1"," 0.00557067"
"1"," 0.185064"
"1"," 0.804232"
"1","  3.99910"
"1","
"
"1","  7:     605.76777:"
"1"," -0.00593738"
"1"," 0.305741"
"1"," -0.862569"
"1"," -0.254645"
"1"," 0.836541"
"1"," 0.0811645"
"1"," 0.00904674"
"1"," 0.188641"
"1"," 0.806004"
"1","  3.99906"
"1","
"
"1","  8:     602.97076:"
"1"," -0.00593678"
"1"," 0.305864"
"1"," -0.844764"
"1"," -0.258686"
"1"," 0.833179"
"1"," 0.0756581"
"1"," 0.00463572"
"1"," 0.206342"
"1"," 0.811434"
"1","  3.99875"
"1","
"
"1","  9:     601.83449:"
"1"," -0.00593554"
"1"," 0.305142"
"1"," -0.838184"
"1"," -0.268747"
"1"," 0.812685"
"1"," 0.0655468"
"1"," 0.00883300"
"1"," 0.201595"
"1"," 0.816855"
"1","  3.99806"
"1","
"
"1"," 10:     599.44403:"
"1"," -0.00593381"
"1"," 0.305088"
"1"," -0.823936"
"1"," -0.275351"
"1"," 0.801542"
"1"," 0.0534754"
"1"," 0.00436804"
"1"," 0.187627"
"1"," 0.814755"
"1","  3.99691"
"1","
"
"1"," 11:     598.39629:"
"1"," -0.00593189"
"1"," 0.301768"
"1"," -0.801057"
"1"," -0.278268"
"1"," 0.805430"
"1"," 0.0454631"
"1"," 0.00929315"
"1"," 0.180417"
"1"," 0.808704"
"1","  3.99547"
"1","
"
"1"," 12:     597.37754:"
"1"," -0.00592887"
"1"," 0.285457"
"1"," -0.791958"
"1"," -0.289018"
"1"," 0.798010"
"1"," 0.0416149"
"1"," 0.00765574"
"1"," 0.193158"
"1"," 0.802979"
"1","  3.99323"
"1","
"
"1"," 13:     596.57773:"
"1"," -0.00592861"
"1"," 0.288218"
"1"," -0.790186"
"1"," -0.286125"
"1"," 0.795431"
"1"," 0.0367433"
"1"," 0.00570029"
"1"," 0.195759"
"1"," 0.805410"
"1","  3.99310"
"1","
"
"1"," 14:     596.23521:"
"1"," -0.00592706"
"1"," 0.285519"
"1"," -0.791263"
"1"," -0.285102"
"1"," 0.791322"
"1"," 0.0327400"
"1"," 0.00818078"
"1"," 0.199755"
"1"," 0.805989"
"1","  3.99205"
"1","
"
"1"," 15:     595.61145:"
"1"," -0.00592440"
"1"," 0.281858"
"1"," -0.787657"
"1"," -0.283198"
"1"," 0.787028"
"1"," 0.0300761"
"1"," 0.00658285"
"1"," 0.201197"
"1"," 0.804534"
"1","  3.99018"
"1","
"
"1"," 16:     595.26832:"
"1"," -0.00592234"
"1"," 0.280771"
"1"," -0.781150"
"1"," -0.280362"
"1"," 0.784501"
"1"," 0.0282144"
"1"," 0.00774429"
"1"," 0.202079"
"1"," 0.805144"
"1","  3.98876"
"1","
"
"1"," 17:     594.86273:"
"1"," -0.00591956"
"1"," 0.277568"
"1"," -0.775528"
"1"," -0.277418"
"1"," 0.781582"
"1"," 0.0283473"
"1"," 0.00628376"
"1"," 0.201412"
"1"," 0.804468"
"1","  3.98684"
"1","
"
"1"," 18:     592.14644:"
"1"," -0.00585766"
"1"," 0.188801"
"1"," -0.709270"
"1"," -0.211858"
"1"," 0.704742"
"1"," 0.0105532"
"1"," 0.00924042"
"1"," 0.198675"
"1"," 0.790850"
"1","  3.94437"
"1","
"
"1"," 19:     589.05304:"
"1"," -0.00578836"
"1"," 0.112613"
"1"," -0.642181"
"1"," -0.125596"
"1"," 0.652960"
"1"," 0.0260261"
"1"," 0.00653059"
"1"," 0.240374"
"1"," 0.779207"
"1","  3.89728"
"1","
"
"1"," 20:     588.90852:"
"1"," -0.00578833"
"1"," 0.112713"
"1"," -0.642025"
"1"," -0.125467"
"1"," 0.653032"
"1"," 0.0258855"
"1"," 0.00810839"
"1"," 0.240524"
"1"," 0.779468"
"1","  3.89726"
"1","
"
"1"," 21:     588.86239:"
"1"," -0.00578715"
"1"," 0.112011"
"1"," -0.641255"
"1"," -0.125134"
"1"," 0.653375"
"1"," 0.0252640"
"1"," 0.00764297"
"1"," 0.240533"
"1"," 0.779219"
"1","  3.89647"
"1","
"
"1"," 22:     588.81988:"
"1"," -0.00578697"
"1"," 0.112556"
"1"," -0.640461"
"1"," -0.124433"
"1"," 0.653698"
"1"," 0.0245151"
"1"," 0.00813223"
"1"," 0.240897"
"1"," 0.779652"
"1","  3.89635"
"1","
"
"1"," 23:     588.77619:"
"1"," -0.00578558"
"1"," 0.111861"
"1"," -0.639767"
"1"," -0.124056"
"1"," 0.653918"
"1"," 0.0240557"
"1"," 0.00756745"
"1"," 0.240880"
"1"," 0.779407"
"1","  3.89543"
"1","
"
"1"," 24:     588.74719:"
"1"," -0.00578434"
"1"," 0.111556"
"1"," -0.638906"
"1"," -0.123423"
"1"," 0.654159"
"1"," 0.0234384"
"1"," 0.00803111"
"1"," 0.241096"
"1"," 0.779484"
"1","  3.89461"
"1","
"
"1"," 25:     588.71636:"
"1"," -0.00578271"
"1"," 0.110901"
"1"," -0.638279"
"1"," -0.122942"
"1"," 0.654252"
"1"," 0.0231501"
"1"," 0.00757510"
"1"," 0.241138"
"1"," 0.779239"
"1","  3.89353"
"1","
"
"1"," 26:     588.69281:"
"1"," -0.00578112"
"1"," 0.110547"
"1"," -0.637551"
"1"," -0.122268"
"1"," 0.654328"
"1"," 0.0227488"
"1"," 0.00797985"
"1"," 0.241375"
"1"," 0.779266"
"1","  3.89249"
"1","
"
"1"," 27:     588.66870:"
"1"," -0.00577927"
"1"," 0.110009"
"1"," -0.637042"
"1"," -0.121704"
"1"," 0.654287"
"1"," 0.0226286"
"1"," 0.00758787"
"1"," 0.241483"
"1"," 0.779059"
"1","  3.89127"
"1","
"
"1"," 28:     588.64814:"
"1"," -0.00577749"
"1"," 0.109705"
"1"," -0.636443"
"1"," -0.120996"
"1"," 0.654242"
"1"," 0.0223689"
"1"," 0.00795015"
"1"," 0.241754"
"1"," 0.779096"
"1","  3.89012"
"1","
"
"1"," 29:     588.62728:"
"1"," -0.00577554"
"1"," 0.109245"
"1"," -0.636035"
"1"," -0.120395"
"1"," 0.654126"
"1"," 0.0223318"
"1"," 0.00759247"
"1"," 0.241901"
"1"," 0.778930"
"1","  3.88885"
"1","
"
"1"," 30:     588.60861:"
"1"," -0.00577368"
"1"," 0.108959"
"1"," -0.635519"
"1"," -0.119680"
"1"," 0.654024"
"1"," 0.0221297"
"1"," 0.00792438"
"1"," 0.242188"
"1"," 0.778981"
"1","  3.88764"
"1","
"
"1"," 31:     588.58970:"
"1"," -0.00577168"
"1"," 0.108517"
"1"," -0.635167"
"1"," -0.119069"
"1"," 0.653880"
"1"," 0.0221159"
"1"," 0.00759057"
"1"," 0.242348"
"1"," 0.778840"
"1","  3.88635"
"1","
"
"1"," 32:     588.57251:"
"1"," -0.00576978"
"1"," 0.108214"
"1"," -0.634696"
"1"," -0.118360"
"1"," 0.653752"
"1"," 0.0219372"
"1"," 0.00789878"
"1"," 0.242632"
"1"," 0.778894"
"1","  3.88512"
"1","
"
"1"," 33:     588.55510:"
"1"," -0.00576776"
"1"," 0.107764"
"1"," -0.634369"
"1"," -0.117748"
"1"," 0.653597"
"1"," 0.0219302"
"1"," 0.00758666"
"1"," 0.242791"
"1"," 0.778767"
"1","  3.88382"
"1","
"
"1"," 34:     588.53912:"
"1"," -0.00576583"
"1"," 0.107437"
"1"," -0.633922"
"1"," -0.117047"
"1"," 0.653452"
"1"," 0.0217681"
"1"," 0.00787484"
"1"," 0.243065"
"1"," 0.778819"
"1","  3.88257"
"1","
"
"1"," 35:     588.52294:"
"1"," -0.00576380"
"1"," 0.106976"
"1"," -0.633608"
"1"," -0.116436"
"1"," 0.653291"
"1"," 0.0217670"
"1"," 0.00758269"
"1"," 0.243217"
"1"," 0.778700"
"1","  3.88127"
"1","
"
"1"," 36:     588.50799:"
"1"," -0.00576185"
"1"," 0.106629"
"1"," -0.633177"
"1"," -0.115746"
"1"," 0.653133"
"1"," 0.0216202"
"1"," 0.00785338"
"1"," 0.243480"
"1"," 0.778748"
"1","  3.88001"
"1","
"
"1"," 37:     588.49284:"
"1"," -0.00575980"
"1"," 0.106160"
"1"," -0.632872"
"1"," -0.115138"
"1"," 0.652966"
"1"," 0.0216254"
"1"," 0.00757915"
"1"," 0.243626"
"1"," 0.778636"
"1","  3.87870"
"1","
"
"1"," 38:     588.47876:"
"1"," -0.00575783"
"1"," 0.105795"
"1"," -0.632454"
"1"," -0.114459"
"1"," 0.652795"
"1"," 0.0214926"
"1"," 0.00783439"
"1"," 0.243877"
"1"," 0.778681"
"1","  3.87744"
"1","
"
"1"," 39:     588.46448:"
"1"," -0.00575577"
"1"," 0.105321"
"1"," -0.632157"
"1"," -0.113856"
"1"," 0.652624"
"1"," 0.0215036"
"1"," 0.00757604"
"1"," 0.244016"
"1"," 0.778575"
"1","  3.87612"
"1","
"
"1"," 40:     588.45114:"
"1"," -0.00575378"
"1"," 0.104943"
"1"," -0.631750"
"1"," -0.113189"
"1"," 0.652442"
"1"," 0.0213830"
"1"," 0.00781758"
"1"," 0.244258"
"1"," 0.778618"
"1","  3.87485"
"1","
"
"1"," 41:     588.43759:"
"1"," -0.00575170"
"1"," 0.104466"
"1"," -0.631460"
"1"," -0.112594"
"1"," 0.652267"
"1"," 0.0213994"
"1"," 0.00757330"
"1"," 0.244390"
"1"," 0.778517"
"1","  3.87352"
"1","
"
"1"," 42:     588.42489:"
"1"," -0.00574969"
"1"," 0.104079"
"1"," -0.631064"
"1"," -0.111941"
"1"," 0.652076"
"1"," 0.0212897"
"1"," 0.00780265"
"1"," 0.244622"
"1"," 0.778558"
"1","  3.87224"
"1","
"
"1"," 43:     588.41197:"
"1"," -0.00574760"
"1"," 0.103601"
"1"," -0.630781"
"1"," -0.111354"
"1"," 0.651898"
"1"," 0.0213108"
"1"," 0.00757086"
"1"," 0.244749"
"1"," 0.778463"
"1","  3.87091"
"1","
"
"1"," 44:     588.39981:"
"1"," -0.00574556"
"1"," 0.103208"
"1"," -0.630394"
"1"," -0.110715"
"1"," 0.651699"
"1"," 0.0212105"
"1"," 0.00778937"
"1"," 0.244972"
"1"," 0.778501"
"1","  3.86961"
"1","
"
"1"," 45:     588.38743:"
"1"," -0.00574345"
"1"," 0.102732"
"1"," -0.630117"
"1"," -0.110139"
"1"," 0.651518"
"1"," 0.0212358"
"1"," 0.00756865"
"1"," 0.245092"
"1"," 0.778411"
"1","  3.86828"
"1","
"
"1"," 46:     588.37575:"
"1"," -0.00574139"
"1"," 0.102335"
"1"," -0.629740"
"1"," -0.109516"
"1"," 0.651311"
"1"," 0.0211437"
"1"," 0.00777754"
"1"," 0.245307"
"1"," 0.778449"
"1","  3.86697"
"1","
"
"1"," 47:     588.36383:"
"1"," -0.00573927"
"1"," 0.101863"
"1"," -0.629468"
"1"," -0.108952"
"1"," 0.651128"
"1"," 0.0211726"
"1"," 0.00756663"
"1"," 0.245423"
"1"," 0.778363"
"1","  3.86562"
"1","
"
"1"," 48:     588.35256:"
"1"," -0.00573718"
"1"," 0.101465"
"1"," -0.629099"
"1"," -0.108346"
"1"," 0.650916"
"1"," 0.0210877"
"1"," 0.00776696"
"1"," 0.245630"
"1"," 0.778399"
"1","  3.86431"
"1","
"
"1"," 49:     588.34105:"
"1"," -0.00573504"
"1"," 0.100999"
"1"," -0.628833"
"1"," -0.107795"
"1"," 0.650732"
"1"," 0.0211197"
"1"," 0.00756478"
"1"," 0.245740"
"1"," 0.778318"
"1","  3.86295"
"1","
"
"1"," 50:     588.33014:"
"1"," -0.00573293"
"1"," 0.100602"
"1"," -0.628473"
"1"," -0.107207"
"1"," 0.650513"
"1"," 0.0210411"
"1"," 0.00775751"
"1"," 0.245941"
"1"," 0.778354"
"1","  3.86162"
"1","
"
"1"," 51:     588.31898:"
"1"," -0.00573076"
"1"," 0.100143"
"1"," -0.628212"
"1"," -0.106671"
"1"," 0.650329"
"1"," 0.0210757"
"1"," 0.00756306"
"1"," 0.246047"
"1"," 0.778276"
"1","  3.86026"
"1","
"
"1"," 52:     588.30839:"
"1"," -0.00572863"
"1"," 0.0997502"
"1"," -0.627859"
"1"," -0.106101"
"1"," 0.650106"
"1"," 0.0210026"
"1"," 0.00774904"
"1"," 0.246241"
"1"," 0.778311"
"1","  3.85892"
"1","
"
"1"," 53:     587.78790:"
"1"," -0.00549619"
"1"," 0.0489405"
"1"," -0.607015"
"1"," -0.0541109"
"1"," 0.633472"
"1"," 0.0315672"
"1"," 0.00875641"
"1"," 0.253781"
"1"," 0.769747"
"1","  3.71303"
"1","
"
"1"," 54:     587.17709:"
"1"," -0.00524624"
"1"," 0.00410096"
"1"," -0.606523"
"1"," -0.0163458"
"1"," 0.621582"
"1"," 0.0245458"
"1"," 0.00833482"
"1"," 0.262862"
"1"," 0.775781"
"1","  3.55963"
"1","
"
"1"," 55:     586.78942:"
"1"," -0.00497287"
"1"," 0.0255989"
"1"," -0.588524"
"1"," -0.0248929"
"1"," 0.602750"
"1"," 0.0386850"
"1"," 0.00553560"
"1"," 0.247768"
"1"," 0.799812"
"1","  3.40244"
"1","
"
"1"," 56:     586.33261:"
"1"," -0.00468615"
"1"," 0.0322613"
"1"," -0.577167"
"1"," -0.0612736"
"1"," 0.609838"
"1"," 0.0136981"
"1"," 0.00695068"
"1"," 0.244735"
"1"," 0.810180"
"1","  3.24614"
"1","
"
"1"," 57:     586.11109:"
"1"," -0.00440849"
"1"," 0.0718554"
"1"," -0.580470"
"1"," -0.0989502"
"1"," 0.615615"
"1"," 0.00397377"
"1"," 0.00782416"
"1"," 0.291682"
"1"," 0.776874"
"1","  3.10322"
"1","
"
"1"," 58:     586.10490:"
"1"," -0.00433788"
"1"," 0.0924602"
"1"," -0.582768"
"1"," -0.102701"
"1"," 0.611063"
"1"," 0.0137818"
"1"," 0.0126946"
"1"," 0.310967"
"1"," 0.763353"
"1","  3.09395"
"1","
"
"1"," 59:     585.81498:"
"1"," -0.00425397"
"1"," 0.0919011"
"1"," -0.578528"
"1"," -0.103969"
"1"," 0.608359"
"1"," 0.0139399"
"1"," 0.0104522"
"1"," 0.305975"
"1"," 0.768914"
"1","  3.08661"
"1","
"
"1"," 60:     585.68664:"
"1"," -0.00418390"
"1"," 0.0868763"
"1"," -0.574407"
"1"," -0.104457"
"1"," 0.606751"
"1"," 0.0118636"
"1"," 0.00866753"
"1"," 0.298617"
"1"," 0.777769"
"1","  3.08246"
"1","
"
"1"," 61:     585.63684:"
"1"," -0.00409770"
"1"," 0.0873305"
"1"," -0.571293"
"1"," -0.105706"
"1"," 0.604472"
"1"," 0.0121499"
"1"," 0.00966353"
"1"," 0.295827"
"1"," 0.781675"
"1","  3.07297"
"1","
"
"1"," 62:     585.55663:"
"1"," -0.00400901"
"1"," 0.0906625"
"1"," -0.569299"
"1"," -0.106970"
"1"," 0.601917"
"1"," 0.0140069"
"1"," 0.00885689"
"1"," 0.296541"
"1"," 0.782385"
"1","  3.06348"
"1","
"
"1"," 63:     585.47125:"
"1"," -0.00392032"
"1"," 0.0923017"
"1"," -0.568187"
"1"," -0.108038"
"1"," 0.597730"
"1"," 0.0140516"
"1"," 0.00864259"
"1"," 0.299594"
"1"," 0.786899"
"1","  3.05535"
"1","
"
"1"," 64:     585.41797:"
"1"," -0.00383791"
"1"," 0.0929776"
"1"," -0.566833"
"1"," -0.109585"
"1"," 0.596795"
"1"," 0.0134538"
"1"," 0.00806902"
"1"," 0.300205"
"1"," 0.787403"
"1","  3.04343"
"1","
"
"1"," 65:     585.09547:"
"1"," -0.00255184"
"1"," 0.112592"
"1"," -0.547463"
"1"," -0.134770"
"1"," 0.581192"
"1"," 0.00959852"
"1"," 0.00883075"
"1"," 0.318190"
"1"," 0.791041"
"1","  2.84710"
"1","
"
"1"," 66:     584.02061:"
"1"," 0.00440674"
"1"," 0.0700328"
"1"," -0.453519"
"1"," -0.128128"
"1"," 0.504907"
"1"," -0.00733053"
"1"," 0.0100246"
"1"," 0.387027"
"1"," 0.763743"
"1","  2.79157"
"1","
"
"1"," 67:     582.68094:"
"1"," 0.0113684"
"1"," 0.0777780"
"1"," -0.363601"
"1"," -0.116189"
"1"," 0.416055"
"1"," 0.0165222"
"1"," 0.0126738"
"1"," 0.462825"
"1"," 0.724313"
"1","  2.78345"
"1","
"
"1"," 68:     580.30316:"
"1"," 0.0253432"
"1"," 0.100878"
"1"," -0.198792"
"1"," -0.135603"
"1"," 0.279550"
"1"," 0.0297379"
"1"," 0.0110722"
"1"," 0.483402"
"1"," 0.743005"
"1","  2.69302"
"1","
"
"1"," 69:     578.68194:"
"1"," 0.0380077"
"1"," 0.126862"
"1"," -0.0954258"
"1"," -0.162039"
"1"," 0.182066"
"1"," 0.0177810"
"1"," 0.0134744"
"1"," 0.561296"
"1"," 0.715441"
"1","  2.62873"
"1","
"
"1"," 70:     577.98275:"
"1"," 0.0435112"
"1"," 0.100840"
"1"," -0.0713912"
"1"," -0.136973"
"1"," 0.145009"
"1"," 0.0132925"
"1"," 0.0140016"
"1"," 0.564124"
"1"," 0.714173"
"1","  2.68976"
"1","
"
"1"," 71:     577.67772:"
"1"," 0.0487333"
"1"," 0.00884647"
"1"," -0.0909796"
"1"," -0.0603977"
"1"," 0.124975"
"1"," 0.000146474"
"1"," 0.0104881"
"1"," 0.468474"
"1"," 0.798593"
"1","  2.44250"
"1","
"
"1"," 72:     577.20145:"
"1"," 0.0472140"
"1"," 0.132067"
"1"," -0.0481402"
"1"," -0.174112"
"1"," 0.105174"
"1"," -0.0128144"
"1"," 0.0137554"
"1"," 0.548263"
"1"," 0.741343"
"1","  2.57282"
"1","
"
"1"," 73:     576.90735:"
"1"," 0.0416919"
"1"," 0.141928"
"1"," -0.0571566"
"1"," -0.178524"
"1"," 0.113272"
"1"," -0.00604701"
"1"," 0.0133393"
"1"," 0.526861"
"1"," 0.748609"
"1","  2.59225"
"1","
"
"1"," 74:     576.43976:"
"1"," 0.0362014"
"1"," 0.196336"
"1"," -0.0121083"
"1"," -0.232277"
"1"," 0.0724814"
"1"," -0.00204514"
"1"," 0.0130790"
"1"," 0.515195"
"1"," 0.759417"
"1","  2.55632"
"1","
"
"1"," 75:     576.37684:"
"1"," 0.0237609"
"1"," 0.272570"
"1"," 0.0632271"
"1"," -0.319404"
"1"," -0.0193709"
"1"," -0.0123273"
"1"," 0.0124704"
"1"," 0.473668"
"1"," 0.795100"
"1","  2.43163"
"1","
"
"1"," 76:     575.93552:"
"1"," 0.0299811"
"1"," 0.208033"
"1"," 0.0412649"
"1"," -0.253426"
"1"," 0.000353324"
"1"," -0.00874040"
"1"," 0.0123515"
"1"," 0.482679"
"1"," 0.786051"
"1","  2.47633"
"1","
"
"1"," 77:     575.91168:"
"1"," 0.0309012"
"1"," 0.198225"
"1"," 0.0527484"
"1"," -0.243442"
"1"," -0.00907958"
"1"," -0.00910933"
"1"," 0.0126555"
"1"," 0.497053"
"1"," 0.776662"
"1","  2.48896"
"1","
"
"1"," 78:     575.89478:"
"1"," 0.0306710"
"1"," 0.188138"
"1"," 0.0600983"
"1"," -0.234028"
"1"," -0.0165816"
"1"," -0.0112742"
"1"," 0.0123953"
"1"," 0.495751"
"1"," 0.776407"
"1","  2.49707"
"1","
"
"1"," 79:     575.88582:"
"1"," 0.0303389"
"1"," 0.179013"
"1"," 0.0646959"
"1"," -0.223768"
"1"," -0.0217614"
"1"," -0.0126611"
"1"," 0.0121972"
"1"," 0.492792"
"1"," 0.776307"
"1","  2.50263"
"1","
"
"1"," 80:     575.87750:"
"1"," 0.0301574"
"1"," 0.174852"
"1"," 0.0721956"
"1"," -0.218120"
"1"," -0.0291270"
"1"," -0.0135165"
"1"," 0.0119099"
"1"," 0.485997"
"1"," 0.777837"
"1","  2.50906"
"1","
"
"1"," 81:     575.86228:"
"1"," 0.0297610"
"1"," 0.172914"
"1"," 0.0751349"
"1"," -0.213521"
"1"," -0.0320886"
"1"," -0.0149143"
"1"," 0.0116937"
"1"," 0.475137"
"1"," 0.777168"
"1","  2.52738"
"1","
"
"1"," 82:     575.83408:"
"1"," 0.0295265"
"1"," 0.167844"
"1"," 0.0824058"
"1"," -0.204325"
"1"," -0.0397195"
"1"," -0.0159195"
"1"," 0.0108952"
"1"," 0.437335"
"1"," 0.779581"
"1","  2.57355"
"1","
"
"1"," 83:     575.80999:"
"1"," 0.0297469"
"1"," 0.175516"
"1"," 0.0768232"
"1"," -0.213218"
"1"," -0.0340209"
"1"," -0.0147649"
"1"," 0.0108826"
"1"," 0.430296"
"1"," 0.780263"
"1","  2.58381"
"1","
"
"1"," 84:     575.78057:"
"1"," 0.0305130"
"1"," 0.183852"
"1"," 0.0647942"
"1"," -0.225223"
"1"," -0.0221137"
"1"," -0.0115600"
"1"," 0.0104316"
"1"," 0.405650"
"1"," 0.782039"
"1","  2.62323"
"1","
"
"1"," 85:     575.77748:"
"1"," 0.0306441"
"1"," 0.184776"
"1"," 0.0625827"
"1"," -0.227075"
"1"," -0.0199771"
"1"," -0.0111803"
"1"," 0.0104844"
"1"," 0.409846"
"1"," 0.782005"
"1","  2.61942"
"1","
"
"1"," 86:     575.77454:"
"1"," 0.0305777"
"1"," 0.185062"
"1"," 0.0615763"
"1"," -0.226965"
"1"," -0.0189981"
"1"," -0.0114964"
"1"," 0.0103370"
"1"," 0.406474"
"1"," 0.781735"
"1","  2.63038"
"1","
"
"1"," 87:     575.77174:"
"1"," 0.0305457"
"1"," 0.182245"
"1"," 0.0627332"
"1"," -0.223106"
"1"," -0.0206584"
"1"," -0.0116721"
"1"," 0.0100162"
"1"," 0.397473"
"1"," 0.782799"
"1","  2.64912"
"1","
"
"1"," 88:     575.77143:"
"1"," 0.0305122"
"1"," 0.181967"
"1"," 0.0630232"
"1"," -0.222598"
"1"," -0.0208051"
"1"," -0.0117637"
"1"," 0.0100611"
"1"," 0.397477"
"1"," 0.782270"
"1","  2.65289"
"1","
"
"1"," 89:     575.77138:"
"1"," 0.0305381"
"1"," 0.181507"
"1"," 0.0633247"
"1"," -0.222147"
"1"," -0.0210139"
"1"," -0.0117673"
"1"," 0.0100680"
"1"," 0.396627"
"1"," 0.782276"
"1","  2.65484"
"1","
"
"1"," 90:     575.77138:"
"1"," 0.0305411"
"1"," 0.181403"
"1"," 0.0633920"
"1"," -0.222059"
"1"," -0.0210583"
"1"," -0.0117694"
"1"," 0.0100741"
"1"," 0.396664"
"1"," 0.782251"
"1","  2.65480"
"1","
"
"1"," 91:     575.77138:"
"1"," 0.0305418"
"1"," 0.181369"
"1"," 0.0634101"
"1"," -0.222028"
"1"," -0.0210734"
"1"," -0.0117715"
"1"," 0.0100754"
"1"," 0.396689"
"1"," 0.782248"
"1","  2.65473"
"1","
"
"1"," 92:     575.77138:"
"1"," 0.0305418"
"1"," 0.181365"
"1"," 0.0634109"
"1"," -0.222025"
"1"," -0.0210745"
"1"," -0.0117716"
"1"," 0.0100754"
"1"," 0.396693"
"1"," 0.782247"
"1","  2.65473"
"1","
"
"1","
Final Estimate of the Negative LLH:
"
"1"," LLH: "
"1"," "
"1","-1497.719"
"1"," "
"1","   norm LLH: "
"1"," "
"1","-2.205772"
"1"," "
"1","
"
"1","           mu "
"1","          ar1 "
"1","          ar2 "
"1","          ma1 "
"1","          ma2 "
"1","          ma3 "
"1","
"
"1"," 0.0014410233 "
"1"," 0.1813653733 "
"1"," 0.0634109461 "
"1","-0.2220248928 "
"1","-0.0210744920 "
"1","-0.0117716047 "
"1","
"
"1","        omega "
"1","       alpha1 "
"1","        beta1 "
"1","        shape "
"1","
"
"1"," 0.0000224294 "
"1"," 0.3966928329 "
"1"," 0.7822471607 "
"1"," 2.6547256463 "
"1","
"
"1","
"
"1",""
"1","R-optimhess"
"1",""
"1"," Difference Approximated Hessian Matrix:
"
"1","      "
"1","           mu"
"1","          ar1"
"1","         ar2"
"1","         ma1"
"1","         ma2"
"1","         ma3"
"1","         omega"
"1","
mu    "
"1"," -5230465.609"
"1","  -7511.00158"
"1"," -6164.03493"
"1","   1800.9128"
"1","  3077.98659"
"1","  4724.00685"
"1","  5.792555e+06"
"1","
ar1   "
"1","    -7511.002"
"1","   -781.53132"
"1","  -214.29338"
"1","   -725.2756"
"1","  -172.48086"
"1","   -57.89845"
"1","  2.022558e+05"
"1","
ar2   "
"1","    -6164.035"
"1","   -214.29338"
"1","  -849.39958"
"1","   -198.7351"
"1","  -780.53877"
"1","  -159.76686"
"1","  4.464167e+04"
"1","
ma1   "
"1","     1800.913"
"1","   -725.27562"
"1","  -198.73506"
"1","   -736.2856"
"1","  -207.36227"
"1","   -58.57660"
"1","  1.936802e+05"
"1","
ma2   "
"1","     3077.987"
"1","   -172.48086"
"1","  -780.53877"
"1","   -207.3623"
"1","  -802.97876"
"1","  -173.60550"
"1","  4.126129e+04"
"1","
ma3   "
"1","     4724.007"
"1","    -57.89845"
"1","  -159.76686"
"1","    -58.5766"
"1","  -173.60550"
"1","  -832.61581"
"1","  9.689360e+04"
"1","
omega "
"1","  5792555.150"
"1"," 202255.82578"
"1"," 44641.67453"
"1"," 193680.1891"
"1"," 41261.29037"
"1"," 96893.59842"
"1"," -1.535834e+10"
"1","
alpha1"
"1","    -2323.478"
"1","     95.97282"
"1","    23.63968"
"1","    102.0984"
"1","    31.09422"
"1","    16.95760"
"1"," -1.791887e+06"
"1","
beta1 "
"1","    -4341.721"
"1","    180.19811"
"1","   -36.49186"
"1","    189.8335"
"1","   -13.67865"
"1","   118.44216"
"1"," -6.583930e+06"
"1","
shape "
"1","    -1066.462"
"1","     56.36547"
"1","    13.08307"
"1","     60.0874"
"1","    18.04459"
"1","    11.49846"
"1"," -9.719372e+05"
"1","
"
"1","      "
"1","        alpha1"
"1","         beta1"
"1","         shape"
"1","
mu    "
"1"," -2.323478e+03"
"1"," -4.341721e+03"
"1","   -1066.46224"
"1","
ar1   "
"1","  9.597282e+01"
"1","  1.801981e+02"
"1","      56.36547"
"1","
ar2   "
"1","  2.363968e+01"
"1"," -3.649186e+01"
"1","      13.08307"
"1","
ma1   "
"1","  1.020984e+02"
"1","  1.898335e+02"
"1","      60.08740"
"1","
ma2   "
"1","  3.109422e+01"
"1"," -1.367865e+01"
"1","      18.04459"
"1","
ma3   "
"1","  1.695760e+01"
"1","  1.184422e+02"
"1","      11.49846"
"1","
omega "
"1"," -1.791887e+06"
"1"," -6.583930e+06"
"1"," -971937.17308"
"1","
alpha1"
"1"," -7.499717e+02"
"1"," -1.895901e+03"
"1","    -320.19901"
"1","
beta1 "
"1"," -1.895901e+03"
"1"," -5.430969e+03"
"1","    -856.80304"
"1","
shape "
"1"," -3.201990e+02"
"1"," -8.568030e+02"
"1","    -148.71594"
"1","
"
"1","attr(,""time"")"
"1","
"
"1","Time difference of "
"1",""
"1","0.2355661"
"1",""
"1"," "
"1",""
"1","secs"
"1",""
"1","
"
"1","
--- END OF TRACE ---

"
"1","
Time to Estimate Parameters:
 "
"1","Time difference of "
"1",""
"1","1.57584"
"1",""
"1"," "
"1",""
"1","secs"
"1",""
"1","
"
"0","summary(garch_fit_2)"
"1","
Title:
 "
"1","GARCH Modelling"
"1"," "
"1","
"
"1","
Call:
 "
"1","garchFit(formula = ~arma(2, 3) + garch(1, 1), data = stock$PriceChange, 
    cond.dist = ""std"")"
"1"," "
"1","
"
"1","
Mean and Variance Equation:
 "
"1","data ~ arma(2, 3) + garch(1, 1)
"
"1","<environment: 0x000001f17de08b28>
"
"1"," ["
"1",""
"1","data = stock$PriceChange"
"1",""
"1","]
"
"1","
Conditional Distribution:
 "
"1","std"
"1"," "
"1","
"
"1","
Coefficient(s):
"
"1","         mu  "
"1","        ar1  "
"1","        ar2  "
"1","        ma1  "
"1","        ma2  "
"1","        ma3  "
"1","      omega  "
"1","
"
"1"," 1.4410e-03  "
"1"," 1.8137e-01  "
"1"," 6.3411e-02  "
"1","-2.2202e-01  "
"1","-2.1074e-02  "
"1","-1.1772e-02  "
"1"," 2.2429e-05  "
"1","
"
"1","     alpha1  "
"1","      beta1  "
"1","      shape  "
"1","
"
"1"," 3.9669e-01  "
"1"," 7.8225e-01  "
"1"," 2.6547e+00  "
"1","
"
"1","
Std. Errors:
 "
"1","based on Hessian"
"1"," "
"1","
"
"1","
Error Analysis:
"
"1","      "
"1","   Estimate"
"1","  Std. Error"
"1","  t value"
"1"," Pr(>|t|)"
"1","    "
"1","
mu    "
"1","  1.441e-03"
"1","   5.124e-04"
"1","    2.812"
"1","  0.00492"
"1"," ** "
"1","
ar1   "
"1","  1.814e-01"
"1","   1.705e-01"
"1","    1.064"
"1","  0.28751"
"1","    "
"1","
ar2   "
"1","  6.341e-02"
"1","   1.390e-01"
"1","    0.456"
"1","  0.64833"
"1","    "
"1","
ma1   "
"1"," -2.220e-01"
"1","   1.754e-01"
"1","   -1.266"
"1","  0.20550"
"1","    "
"1","
ma2   "
"1"," -2.107e-02"
"1","   1.448e-01"
"1","   -0.146"
"1","  0.88429"
"1","    "
"1","
ma3   "
"1"," -1.177e-02"
"1","   3.635e-02"
"1","   -0.324"
"1","  0.74607"
"1","    "
"1","
omega "
"1","  2.243e-05"
"1","   1.585e-05"
"1","    1.415"
"1","  0.15706"
"1","    "
"1","
alpha1"
"1","  3.967e-01"
"1","   1.790e-01"
"1","    2.216"
"1","  0.02669"
"1"," *  "
"1","
beta1 "
"1","  7.822e-01"
"1","   6.702e-02"
"1","   11.672"
"1","  < 2e-16"
"1"," ***"
"1","
shape "
"1","  2.655e+00"
"1","   3.716e-01"
"1","    7.145"
"1","    9e-13"
"1"," ***"
"1","
"
"1","---
Signif. codes:  "
"1",""
"1","0 ‘***’ 0.001 ‘**’ 0.01 ‘*’ 0.05 ‘.’ 0.1 ‘ ’ 1"
"1","
"
"1","
Log Likelihood:
 "
"1","1497.719"
"1"," "
"1","   normalized: "
"1"," "
"1","2.205772"
"1"," "
"1","
"
"1","
Description:
 "
"1","Fri Jun  9 16:07:48 2023 by user: LENOVO"
"1"," "
"1","
"
"1","
"
"1","
Standardised Residuals Tests:
"
"1","                               "
"1"," Statistic"
"1"," p-Value  "
"1","
 Jarque-Bera Test   R    Chi^2 "
"1"," 518.7841 "
"1"," 0        "
"1","
 Shapiro-Wilk Test  R    W     "
"1"," 0.9272594"
"1"," 0        "
"1","
 Ljung-Box Test     R    Q(10) "
"1"," 16.77241 "
"1"," 0.0795542"
"1","
 Ljung-Box Test     R    Q(15) "
"1"," 23.16597 "
"1"," 0.0806791"
"1","
 Ljung-Box Test     R    Q(20) "
"1"," 24.47965 "
"1"," 0.2220677"
"1","
 Ljung-Box Test     R^2  Q(10) "
"1"," 11.07224 "
"1"," 0.3519175"
"1","
 Ljung-Box Test     R^2  Q(15) "
"1"," 12.88072 "
"1"," 0.6115109"
"1","
 Ljung-Box Test     R^2  Q(20) "
"1"," 17.32883 "
"1"," 0.6315295"
"1","
 LM Arch Test       R    TR^2  "
"1"," 11.69973 "
"1"," 0.4700864"
"1","
"
"1","
Information Criterion Statistics:
"
"1","      AIC "
"1","      BIC "
"1","      SIC "
"1","     HQIC "
"1","
"
"1","-4.382089 "
"1","-4.315512 "
"1","-4.382515 "
"1","-4.356317 "
"1","
"
"1","
"
